driver,order,hour,delivery_time,on_time,simulation
1,1,24,29.31,True,Sim1
1,2,16,28.03,True,Sim1
1,3,17,22.31,True,Sim1
1,4,10,23.0,True,Sim1
1,5,22,37.96,True,Sim1
1,6,2,37.86,True,Sim1
1,7,3,61.3,False,Sim1
1,8,19,35.88,True,Sim1
1,9,1,19.26,True,Sim1
1,10,22,36.94,True,Sim1
1,11,19,31.78,True,Sim1
1,12,19,40.48,False,Sim1
1,13,5,48.03,False,Sim1
1,14,18,37.88,True,Sim1
1,15,1,52.87,False,Sim1
2,1,21,55.78,False,Sim1
2,2,1,34.12,True,Sim1
2,3,1,19.95,True,Sim1
2,4,13,37.51,True,Sim1
2,5,19,37.96,True,Sim1
2,6,13,29.4,True,Sim1
2,7,21,51.59,False,Sim1
2,8,0,28.71,True,Sim1
2,9,22,48.81,False,Sim1
2,10,3,34.77,True,Sim1
2,11,14,23.1,True,Sim1
2,12,24,38.08,True,Sim1
2,13,13,35.06,True,Sim1
2,14,22,41.39,False,Sim1
2,15,13,37.29,True,Sim1
3,1,16,16.62,True,Sim1
3,2,23,46.4,False,Sim1
3,3,4,45.13,False,Sim1
3,4,17,34.74,True,Sim1
3,5,4,45.01,False,Sim1
3,6,9,21.17,True,Sim1
3,7,1,60.48,False,Sim1
3,8,4,26.4,True,Sim1
3,9,8,38.01,True,Sim1
3,10,7,23.75,True,Sim1
3,11,1,33.62,True,Sim1
3,12,9,30.77,True,Sim1
3,13,9,33.44,True,Sim1
3,14,0,44.1,False,Sim1
3,15,13,24.98,True,Sim1
4,1,14,21.81,True,Sim1
4,2,3,44.83,False,Sim1
4,3,10,22.45,True,Sim1
4,4,4,49.35,False,Sim1
4,5,8,23.79,True,Sim1
4,6,2,34.39,True,Sim1
4,7,24,34.94,True,Sim1
4,8,2,23.15,True,Sim1
4,9,23,27.63,True,Sim1
4,10,16,46.88,False,Sim1
4,11,1,38.81,True,Sim1
4,12,4,34.75,True,Sim1
4,13,5,50.43,False,Sim1
4,14,12,36.56,True,Sim1
4,15,9,31.84,True,Sim1
5,1,16,37.98,True,Sim1
5,2,17,37.19,True,Sim1
5,3,16,28.13,True,Sim1
5,4,2,40.2,False,Sim1
5,5,24,41.64,False,Sim1
5,6,10,36.31,True,Sim1
5,7,10,25.02,True,Sim1
5,8,2,52.78,False,Sim1
5,9,15,32.97,True,Sim1
5,10,10,23.76,True,Sim1
5,11,18,55.15,False,Sim1
5,12,11,24.59,True,Sim1
5,13,19,48.85,False,Sim1
5,14,2,23.69,True,Sim1
5,15,17,42.11,False,Sim1
6,1,21,35.79,True,Sim1
6,2,13,38.26,True,Sim1
6,3,12,36.36,True,Sim1
6,4,10,34.08,True,Sim1
6,5,6,30.94,True,Sim1
6,6,12,40.13,False,Sim1
6,7,16,40.92,False,Sim1
6,8,18,51.26,False,Sim1
6,9,17,34.07,True,Sim1
6,10,9,32.12,True,Sim1
6,11,23,28.79,True,Sim1
6,12,16,24.2,True,Sim1
6,13,10,27.73,True,Sim1
6,14,19,47.7,False,Sim1
6,15,15,46.09,False,Sim1
7,1,16,40.67,False,Sim1
7,2,15,41.15,False,Sim1
7,3,18,19.26,True,Sim1
7,4,23,53.25,False,Sim1
7,5,0,58.97,False,Sim1
7,6,9,33.02,True,Sim1
7,7,14,20.87,True,Sim1
7,8,18,32.01,True,Sim1
7,9,2,30.34,True,Sim1
7,10,6,36.7,True,Sim1
7,11,2,51.53,False,Sim1
7,12,21,43.27,False,Sim1
7,13,17,50.24,False,Sim1
7,14,7,27.19,True,Sim1
7,15,10,33.03,True,Sim1
8,1,0,49.52,False,Sim1
8,2,2,53.53,False,Sim1
8,3,20,55.01,False,Sim1
8,4,20,37.41,True,Sim1
8,5,9,25.09,True,Sim1
8,6,8,19.05,True,Sim1
8,7,22,51.86,False,Sim1
8,8,13,46.69,False,Sim1
8,9,13,36.75,True,Sim1
8,10,17,22.1,True,Sim1
8,11,7,32.51,True,Sim1
8,12,15,23.76,True,Sim1
8,13,0,33.29,True,Sim1
8,14,7,39.42,True,Sim1
8,15,17,36.25,True,Sim1
9,1,19,18.78,True,Sim1
9,2,7,37.21,True,Sim1
9,3,5,28.91,True,Sim1
9,4,14,46.54,False,Sim1
9,5,11,21.24,True,Sim1
9,6,23,33.56,True,Sim1
9,7,21,41.98,False,Sim1
9,8,19,28.47,True,Sim1
9,9,13,44.23,False,Sim1
9,10,2,35.12,True,Sim1
9,11,18,49.01,False,Sim1
9,12,18,27.17,True,Sim1
9,13,10,29.42,True,Sim1
9,14,10,40.81,False,Sim1
9,15,11,32.87,True,Sim1
10,1,10,32.6,True,Sim1
10,2,12,49.38,False,Sim1
10,3,17,39.09,True,Sim1
10,4,24,28.81,True,Sim1
10,5,19,48.54,False,Sim1
10,6,0,28.19,True,Sim1
10,7,0,25.83,True,Sim1
10,8,21,54.59,False,Sim1
10,9,8,24.55,True,Sim1
10,10,0,46.37,False,Sim1
10,11,10,26.48,True,Sim1
10,12,22,47.95,False,Sim1
10,13,4,26.97,True,Sim1
10,14,8,30.74,True,Sim1
10,15,23,42.0,False,Sim1
